﻿{"paragraphs":[{"text":"val libraryEvtText = sc.textFile(\"/home/scarface/Desktop/sem-3/Cape/aarhus_libraryEvents_dl.csv\")","dateUpdated":"2017-01-29T07:39:32-0500","config":{"colWidth":12,"graph":{"mode":"table","height":300,"optionOpen":false,"keys":[],"values":[],"groups":[],"scatter":{}},"enabled":true,"editorMode":"ace/mode/scala"},"settings":{"params":{},"forms":{}},"jobName":"paragraph_1485736158377_-1677535062","id":"20170129-192918_1612877894","result":{"code":"SUCCESS","type":"TEXT","msg":"\nlibraryEvtText: org.apache.spark.rdd.RDD[String] = /home/scarface/Desktop/sem-3/Cape/aarhus_libraryEvents_dl.csv MapPartitionsRDD[61] at textFile at <console>:27\n"},"dateCreated":"2017-01-29T07:29:18-0500","dateStarted":"2017-01-29T07:39:32-0500","dateFinished":"2017-01-29T07:39:33-0500","status":"FINISHED","progressUpdateIntervalMs":500,"$$hashKey":"object:88"},{"text":"val df = sqlContext.read.format(\"com.databricks.spark.csv\").option(\"header\", \"true\").option(\"delimiter\", \"|\").\nload(\"/home/scarface/Desktop/sem-3/Cape/aarhus_libraryEvents_edit.csv\").cache()","dateUpdated":"2017-01-29T20:34:53-0500","config":{"colWidth":12,"graph":{"mode":"table","height":300,"optionOpen":false,"keys":[],"values":[],"groups":[],"scatter":{}},"enabled":true,"editorMode":"ace/mode/scala"},"settings":{"params":{},"forms":{}},"jobName":"paragraph_1485736979828_97689261","id":"20170129-194259_1581938778","result":{"code":"SUCCESS","type":"TEXT","msg":"\ndf: org.apache.spark.sql.Dataset[org.apache.spark.sql.Row] = [lid: string, city: string ... 21 more fields]\n"},"dateCreated":"2017-01-29T07:42:59-0500","dateStarted":"2017-01-29T20:34:53-0500","dateFinished":"2017-01-29T20:34:54-0500","status":"FINISHED","progressUpdateIntervalMs":500,"$$hashKey":"object:89","focus":true},{"text":"case class LibEvnt(libraryId:String, city:String, endtime : String, title : String, url : String, price : String, changed : String, zipcode : String, library : String, \nimageurl : String, teaser : String , street : String ,status : String ,longitude : String ,starttime : String ,latitude : String ,_id : String ,id : String ,streamtime : String )","dateUpdated":"2017-01-29T07:44:52-0500","config":{"colWidth":12,"graph":{"mode":"table","height":300,"optionOpen":false,"keys":[],"values":[],"groups":[],"scatter":{}},"enabled":true},"settings":{"params":{},"forms":{}},"jobName":"paragraph_1485736195208_-921256642","id":"20170129-192955_1720774029","result":{"code":"SUCCESS","type":"TEXT","msg":"\ndefined class LibEvnt\n"},"dateCreated":"2017-01-29T07:29:55-0500","dateStarted":"2017-01-29T07:44:52-0500","dateFinished":"2017-01-29T07:44:52-0500","status":"FINISHED","progressUpdateIntervalMs":500,"$$hashKey":"object:90"},{"text":"val libEvt = libraryEvtText.map(s=>s.split('|')).filter(s=>s(0)!=\"lid\").map(\n    s=>LibEvnt(s(0), s(1).replaceAll(\",\", \" \"), s(2), s(3).replaceAll(\"\\'\", \"\"), s(4).replaceAll(\",\", \" \"), s(5), s(6), s(7).replaceAll(\"\\\"\", \"\").replaceAll(\",\", \"\").toString, s(8),\n    s(9).replaceAll(\"\\\"\", \"\").replaceAll(\",\", \"\"), s(10), s(11).replaceAll(\"\\\"\", \"\").replaceAll(\",\", \"\"), s(12).replaceAll(\"\\\"\", \"\"), s(13).replaceAll(\"\\\"\", \"\").replaceAll(\",\", \"\"),\n    s(14), s(15), s(16), s(17), s(18))\n)","dateUpdated":"2017-01-29T07:39:32-0500","config":{"colWidth":12,"graph":{"mode":"table","height":300,"optionOpen":false,"keys":[],"values":[],"groups":[],"scatter":{}},"enabled":true},"settings":{"params":{},"forms":{}},"jobName":"paragraph_1485736438914_-662184359","id":"20170129-193358_1546043797","result":{"code":"SUCCESS","type":"TEXT","msg":"\nlibEvt: org.apache.spark.rdd.RDD[LibEvnt] = MapPartitionsRDD[64] at map at <console>:31\n"},"dateCreated":"2017-01-29T07:33:58-0500","dateStarted":"2017-01-29T07:39:34-0500","dateFinished":"2017-01-29T07:39:35-0500","status":"FINISHED","progressUpdateIntervalMs":500,"$$hashKey":"object:91"},{"text":"df.toDF().registerTempTable(\"library\")","dateUpdated":"2017-01-29T20:34:57-0500","config":{"colWidth":12,"graph":{"mode":"table","height":300,"optionOpen":false,"keys":[],"values":[],"groups":[],"scatter":{}},"enabled":true,"editorMode":"ace/mode/scala"},"settings":{"params":{},"forms":{}},"jobName":"paragraph_1485736480935_816283071","id":"20170129-193440_1953048768","result":{"code":"SUCCESS","type":"TEXT","msg":"\nwarning: there was one deprecation warning; re-run with -deprecation for details\n"},"dateCreated":"2017-01-29T07:34:40-0500","dateStarted":"2017-01-29T20:34:57-0500","dateFinished":"2017-01-29T20:34:58-0500","status":"FINISHED","progressUpdateIntervalMs":500,"$$hashKey":"object:92","focus":true},{"text":"%sql\nselect * from library limit 5","dateUpdated":"2017-01-29T20:36:14-0500","config":{"colWidth":12,"graph":{"mode":"table","height":300,"optionOpen":false,"keys":[{"name":"lid","index":0,"aggr":"sum"}],"values":[{"name":"city","index":1,"aggr":"sum"}],"groups":[],"scatter":{"xAxis":{"name":"lid","index":0,"aggr":"sum"},"yAxis":{"name":"city","index":1,"aggr":"sum"}}},"enabled":true,"editorMode":"ace/mode/sql"},"settings":{"params":{},"forms":{}},"jobName":"paragraph_1485736491015_-1584550066","id":"20170129-193451_1815434151","result":{"code":"SUCCESS","type":"TABLE","msg":"lid\tcity\tendtime\ttitle\turl\tprice\tchanged\tcontent\tzipcode\tlibrary\timageurl\tteaser\tstreet\tstatus\tlongitude\tstarttime\tlatitude\t_id\tid\tstreamtime\t_c20\t_c21\t_c22\n1\tAarhus\t2013-11-05 17:00:00\tLav din egen 'bogæder'\t\t\thttps://www.aakb.dk/node/8989\t0\t2013-11-04T11:53:11\t\"\n<p><img title=\"\"\"\" src=\"\"https://www.aakb.dk/files/content_images/bogmaerkertilweb.jpg\"\" alt=\"\"\"\" width=\"\"267\"\" height=\"\"200\"\" /></p>\tnull\tnull\tnull\tnull\tnull\tnull\tnull\tnull\tnull\tnull\tnull\tnull\tnull\n<p>&nbsp;</p>\tnull\tnull\tnull\tnull\tnull\tnull\tnull\tnull\tnull\tnull\tnull\tnull\tnull\tnull\tnull\tnull\tnull\tnull\tnull\tnull\tnull\tnull\n<p>Har du nogensinde læst en bog, der var så god, at du nærmest slugte den?</p>\tnull\tnull\tnull\tnull\tnull\tnull\tnull\tnull\tnull\tnull\tnull\tnull\tnull\tnull\tnull\tnull\tnull\tnull\tnull\tnull\tnull\tnull\n<p>&nbsp;</p>\tnull\tnull\tnull\tnull\tnull\tnull\tnull\tnull\tnull\tnull\tnull\tnull\tnull\tnull\tnull\tnull\tnull\tnull\tnull\tnull\tnull\tnull\n<p>En god bog, kan næsten blive endnu bedre, hvis du har et sjovt bogmærke.</p>\tnull\tnull\tnull\tnull\tnull\tnull\tnull\tnull\tnull\tnull\tnull\tnull\tnull\tnull\tnull\tnull\tnull\tnull\tnull\tnull\tnull\tnull\n","comment":"","msgTable":[[{"key":"city","value":"1"},{"key":"city","value":"Aarhus"},{"key":"city","value":"2013-11-05 17:00:00"},{"key":"city","value":"Lav din egen 'bogæder'"},{"key":"city","value":""},{"key":"city","value":""},{"key":"city","value":"https://www.aakb.dk/node/8989"},{"key":"city","value":"0"},{"key":"city","value":"2013-11-04T11:53:11"},{"key":"city","value":"\""}],[{"key":"endtime","value":"<p><img title=\"\"\"\" src=\"\"https://www.aakb.dk/files/content_images/bogmaerkertilweb.jpg\"\" alt=\"\"\"\" width=\"\"267\"\" height=\"\"200\"\" /></p>"},{"key":"endtime","value":"null"},{"key":"endtime","value":"null"},{"key":"endtime","value":"null"},{"key":"endtime","value":"null"},{"key":"endtime","value":"null"},{"key":"endtime","value":"null"},{"key":"endtime","value":"null"},{"key":"endtime","value":"null"},{"key":"endtime","value":"null"},{"key":"endtime","value":"null"},{"key":"endtime","value":"null"},{"key":"endtime","value":"null"},{"key":"endtime","value":"null"}],[{"key":"title","value":"<p>&nbsp;</p>"},{"key":"title","value":"null"},{"key":"title","value":"null"},{"key":"title","value":"null"},{"key":"title","value":"null"},{"key":"title","value":"null"},{"key":"title","value":"null"},{"key":"title","value":"null"},{"key":"title","value":"null"},{"key":"title","value":"null"},{"key":"title","value":"null"},{"key":"title","value":"null"},{"key":"title","value":"null"},{"key":"title","value":"null"},{"key":"title","value":"null"},{"key":"title","value":"null"},{"key":"title","value":"null"},{"key":"title","value":"null"},{"key":"title","value":"null"},{"key":"title","value":"null"},{"key":"title","value":"null"},{"key":"title","value":"null"},{"key":"title","value":"null"}],[{"key":"url","value":"<p>Har du nogensinde læst en bog, der var så god, at du nærmest slugte den?</p>"},{"key":"url","value":"null"},{"key":"url","value":"null"},{"key":"url","value":"null"},{"key":"url","value":"null"},{"key":"url","value":"null"},{"key":"url","value":"null"},{"key":"url","value":"null"},{"key":"url","value":"null"},{"key":"url","value":"null"},{"key":"url","value":"null"},{"key":"url","value":"null"},{"key":"url","value":"null"},{"key":"url","value":"null"},{"key":"url","value":"null"},{"key":"url","value":"null"},{"key":"url","value":"null"},{"key":"url","value":"null"},{"key":"url","value":"null"},{"key":"url","value":"null"},{"key":"url","value":"null"},{"key":"url","value":"null"},{"key":"url","value":"null"}],[{"key":"price","value":"<p>&nbsp;</p>"},{"key":"price","value":"null"},{"key":"price","value":"null"},{"key":"price","value":"null"},{"key":"price","value":"null"},{"key":"price","value":"null"},{"key":"price","value":"null"},{"key":"price","value":"null"},{"key":"price","value":"null"},{"key":"price","value":"null"},{"key":"price","value":"null"},{"key":"price","value":"null"},{"key":"price","value":"null"},{"key":"price","value":"null"},{"key":"price","value":"null"},{"key":"price","value":"null"},{"key":"price","value":"null"},{"key":"price","value":"null"},{"key":"price","value":"null"},{"key":"price","value":"null"},{"key":"price","value":"null"},{"key":"price","value":"null"},{"key":"price","value":"null"}],[{"key":"changed","value":"<p>En god bog, kan næsten blive endnu bedre, hvis du har et sjovt bogmærke.</p>"},{"key":"changed","value":"null"},{"key":"changed","value":"null"},{"key":"changed","value":"null"},{"key":"changed","value":"null"},{"key":"changed","value":"null"},{"key":"changed","value":"null"},{"key":"changed","value":"null"},{"key":"changed","value":"null"},{"key":"changed","value":"null"},{"key":"changed","value":"null"},{"key":"changed","value":"null"},{"key":"changed","value":"null"},{"key":"changed","value":"null"},{"key":"changed","value":"null"},{"key":"changed","value":"null"},{"key":"changed","value":"null"},{"key":"changed","value":"null"},{"key":"changed","value":"null"},{"key":"changed","value":"null"},{"key":"changed","value":"null"},{"key":"changed","value":"null"},{"key":"changed","value":"null"}]],"columnNames":[{"name":"lid","index":0,"aggr":"sum"},{"name":"city","index":1,"aggr":"sum"},{"name":"endtime","index":2,"aggr":"sum"},{"name":"title","index":3,"aggr":"sum"},{"name":"url","index":4,"aggr":"sum"},{"name":"price","index":5,"aggr":"sum"},{"name":"changed","index":6,"aggr":"sum"},{"name":"content","index":7,"aggr":"sum"},{"name":"zipcode","index":8,"aggr":"sum"},{"name":"library","index":9,"aggr":"sum"},{"name":"imageurl","index":10,"aggr":"sum"},{"name":"teaser","index":11,"aggr":"sum"},{"name":"street","index":12,"aggr":"sum"},{"name":"status","index":13,"aggr":"sum"},{"name":"longitude","index":14,"aggr":"sum"},{"name":"starttime","index":15,"aggr":"sum"},{"name":"latitude","index":16,"aggr":"sum"},{"name":"_id","index":17,"aggr":"sum"},{"name":"id","index":18,"aggr":"sum"},{"name":"streamtime","index":19,"aggr":"sum"},{"name":"_c20","index":20,"aggr":"sum"},{"name":"_c21","index":21,"aggr":"sum"},{"name":"_c22","index":22,"aggr":"sum"}],"rows":[["1","Aarhus","2013-11-05 17:00:00","Lav din egen 'bogæder'","","","https://www.aakb.dk/node/8989","0","2013-11-04T11:53:11","\""],["<p><img title=\"\"\"\" src=\"\"https://www.aakb.dk/files/content_images/bogmaerkertilweb.jpg\"\" alt=\"\"\"\" width=\"\"267\"\" height=\"\"200\"\" /></p>","null","null","null","null","null","null","null","null","null","null","null","null","null"],["<p>&nbsp;</p>","null","null","null","null","null","null","null","null","null","null","null","null","null","null","null","null","null","null","null","null","null","null"],["<p>Har du nogensinde læst en bog, der var så god, at du nærmest slugte den?</p>","null","null","null","null","null","null","null","null","null","null","null","null","null","null","null","null","null","null","null","null","null","null"],["<p>&nbsp;</p>","null","null","null","null","null","null","null","null","null","null","null","null","null","null","null","null","null","null","null","null","null","null"],["<p>En god bog, kan næsten blive endnu bedre, hvis du har et sjovt bogmærke.</p>","null","null","null","null","null","null","null","null","null","null","null","null","null","null","null","null","null","null","null","null","null","null"]]},"dateCreated":"2017-01-29T07:34:51-0500","dateStarted":"2017-01-29T20:36:14-0500","dateFinished":"2017-01-29T20:36:14-0500","status":"FINISHED","progressUpdateIntervalMs":500,"$$hashKey":"object:93","focus":true},{"text":"","dateUpdated":"2017-01-29T07:39:32-0500","config":{"colWidth":12,"graph":{"mode":"table","height":300,"optionOpen":false,"keys":[],"values":[],"groups":[],"scatter":{}},"enabled":true},"settings":{"params":{},"forms":{}},"jobName":"paragraph_1485736535810_1454055540","id":"20170129-193535_1522224085","result":{"code":"SUCCESS","type":"TEXT","msg":""},"dateCreated":"2017-01-29T07:35:35-0500","dateStarted":"2017-01-29T07:39:36-0500","dateFinished":"2017-01-29T07:39:37-0500","status":"FINISHED","progressUpdateIntervalMs":500,"$$hashKey":"object:94"}],"name":"PrjWk2","id":"2C8NET4J1","angularObjects":{"2C9JSZ8F6:shared_process":[],"2C76JEGJK:shared_process":[],"2C9KVRJFM:shared_process":[],"2C96PR61F:shared_process":[],"2C71QQ3SN:shared_process":[],"2CAFYMFZG:shared_process":[],"2C8WD3GN5:shared_process":[],"2C8CGYQ7X:shared_process":[],"2C8CNUVYX:shared_process":[],"2CAB54RWM:shared_process":[],"2C9D26FEK:shared_process":[],"2C6QSWWYB:shared_process":[],"2C9YBBB8C:shared_process":[],"2C8HJZVSJ:shared_process":[],"2C9WHVWBE:shared_process":[],"2C8XRJZ1Y:shared_process":[],"2C9PYQBKV:shared_process":[],"2C9PCSU6V:shared_process":[]},"config":{"looknfeel":"default"},"info":{}}